capacity,theor_f,exper_f,Kx us,Ky mV
1,15915.2705,12476,20,100
3,9188.427262,7519,50,200
10,5032.213406,4033,50,100
30,2904.53229,2316,100,200
100,1589.309739,1208,200,200
300,914.9967493,680,500,200